
<?xml version="1.0" encoding="UTF-8" standalone="yes"?>
<addon id="repository.BLACK-LABEL" name="STALKER BLACK LABEL official Repo" version="1.0.0" provider-name="NTRX-ANTHRAX">
	<extension point="xbmc.addon.repository" name="STALKER BLACK LABEL official Repo">
		<info compressed="false">https://raw.githubusercontent.com/NTRXXX/MINUEVOREPO/master/addons.xml</info>
		<checksum>https://raw.githubusercontent.com/NTRXXX/MINUEVOREPO/master/addons.xml.md5</checksum>
		<datadir zip="true">https://raw.githubusercontent.com/NTRXXX/MINUEVOREPO/master</datadir>
	</extension>
	<extension point="xbmc.addon.metadata">
		<summary>STALKER BLACK LABEL official Repo</summary>
   		<description lang="en">BLACK LABEL.</description>
		<disclaimer></disclaimer>
		<platform>all</platform>
	</extension>
</addon>